front180 - 1,126.82471098065635,112.235588801279,104.09768322910834,102.94495092384714,124.8401081137982,118.99017649882065,111.01216557695142,121.57762797982954,127.0217731989817,129.5832032929473,106.80385804155401,112.63189469788723,97.89058770254695,100.01045892888031,123.6476762360117,111.93117622305438,122.14257756947819,122.85197051163165,122.50380534181689,123.5667322511907,121.47128954168251,116.28578030035291,100.62056104767434,122.93350794634208,112.41317027675606,107.83942983244832,102.74884448995381,107.84806562859781,122.2228345880852,108.10520255606056,113.31288737446975,113.96087558295616,122.25703055446569,107.9199667192308,104.15184446086327,106.49587145902889,109.8730283564983,106.95692299375106,107.77301737815682,107.34620772889411,107.12181832766473,104.54248024176238,101.03710995766903,104.2976168522323,106.46314676901895,116.63439704309268,104.54529908791888,119.95956360158914,117.60520867170592,108.04150505411756,110.03609407896955,114.3510321768705,126.14593063927254,107.99328934277553,106.18540168719836,126.30802028403059,129.23832018828867,105.947499577534,115.26984255222196,107.82188450711186,110.4106420721786,105.11676401347046,107.33893133962721,107.46127144511097,106.28962257674567,108.71180634313221,126.61478552185831,109.44520825416669,108.58019726544622,107.17599257161288,108.24743061021294,111.90711373240308,114.74192065521935,129.77516539910974,120.92712017389734,120.42412674029961,107.52685772107607,120.39581072033081,124.89137582238166,128.0489275296227,121.0035173664947,127.02236043466056,125.88174848088526,126.31329940181789,129.2153165921636,126.95674655923594,131.06872729304533,126.29618970103222,118.71902515399111,126.63757488646307,124.6786667905369,123.0558915569005,127.26831564181647,110.03739735173819,107.6786472011761,116.07400283236647,125.74302809346116,113.68594564571274,112.90292435674876,126.23345832162295,126.59646335818424,108.69257498470178,115.62052483767772,127.92379969868779,109.97518023706765,128.58805082527084,120.26014353634247,125.02840441023915,111.75332817604473,127.54058709990592,120.38700410432047,123.54798740464648,125.23877694441896,127.66788441940191,119.52480968232618,111.23785074155087,110.35620577808926,128.66976008961754,123.51062942102814,122.93074486830014,128.29475536806962,130.00433868008955,130.59785645852278,128.3309229254355,126.93693523054442,111.43414847726964,117.73589519701743,130.87551035046604,110.24945986664108,110.62538341769972,129.37671715633107,128.44942013118424,124.62967130616495,125.04701183505323,108.21010806908983,128.91662728804624,129.18378544231444,129.51789364249126,109.70561799592124,120.4588756166695,132.3297513713348,
front180 - 2,129.42131598536795,108.23319948110242,141.410960488953,143.70787199173398,137.10625713888822,120.50254503401885,137.05518744897907,134.50084031854308,142.33542732751175,107.72125471984234,138.10406823864605,109.22802444334883,131.86736301079515,111.69880033006159,133.70573551625256,105.86849709179394,104.1854546043376,130.57871506250822,129.9584986231002,130.79511132878986,121.80200856049653,128.8713203905214,125.95461772908004,125.54168950269894,120.17277247319807,114.25173745313448,122.28610063406742,120.62663084894305,110.67170264968823,124.9324923807269,124.63856050905832,121.24029657509247,127.3079439596534,110.5091482285379,124.51462191541447,121.86173794392428,121.77529399073522,107.84139202013635,122.16811700800537,110.64883011461663,117.4546128612405,113.5066221515166,110.41867969679447,110.3208089000304,113.16550716921043,108.6290910827553,107.297621866105,111.09794987674952,111.16664500643864,112.58146661629644,126.55775997883003,109.00827854354996,108.1565159203238,108.85748393813427,123.14734478943141,125.58711876129968,128.59282050424306,126.44260015180708,127.50939262582179,125.85152395131503,121.55226786490343,105.43136927289852,110.39525597756405,111.59569137058854,120.7222631406247,127.58971833957791,110.7785243132327,111.82637903392995,111.25867584902295,127.49993131785142,103.80387504206983,123.50303710566169,111.39891264567746,124.26044871331155,109.4915088985039,125.07673624275166,115.51147268404065,112.17991070519865,122.81425052213599,113.95782393070381,114.258565617826,115.85747430534374,107.22957036769573,117.04112373445356,112.45571532444556,106.64880968771374,104.73301051966625,123.75762145607716,124.86212500553938,115.15799661475283,124.85533858970719,123.59126303535142,118.75400714083902,104.12088087293057,123.61740506365047,118.54528832504602,120.8246082449815,122.21685006565862,118.97608272221323,122.76413381827838,119.50400445989156,120.02075361528544,120.03108583464834,118.8220004047893,103.0345606375428,119.85187731959871,120.00159239842458,121.76755248031732,119.14684310090004,116.88562549699743,114.41771263970554,118.93216159430423,120.5705878098933,117.48536143260314,114.61950510610177,114.17531919619397,103.84070187051407,120.66600800472088,109.4141649908642,120.0336517208291,117.02414071742717,124.9464651646563,104.53379579522951,118.71671289487539,119.73502706342661,118.81378340891072,123.1851863492309,111.47750825170354,117.79622294087146,110.81874750932617,124.1215222550391,122.0966069389653,122.10473876956695,120.66315026813693,101.2686696562504,122.52800258614849,103.16715154751712,124.53252933873738,118.69055242967517,123.5316036846515,119.1338880861684,
front180 - 3,116.61041738443092,117.36622955689431,128.55314140548984,126.98688537875032,101.45731478852733,106.9295883692046,109.05876154471271,119.15921165017726,110.24595151787581,107.48052946054152,113.87390232808124,105.03773190768047,105.78036315547847,117.55051620973987,113.68962258586194,100.6547740012953,108.14405943268846,105.33299704769667,109.68377631998497,117.47533076530443,115.52070857720008,113.59969243392663,112.09058589778458,116.94979672428678,105.73796836339577,107.68066758849088,108.31295650893341,113.90358210983125,127.25370293925556,105.25891929617511,105.06029687362287,110.07603733074973,103.2678960730228,104.80404642843372,100.65823759387445,129.43606442652563,104.97202776453992,115.95551849076753,104.24727901209144,99.96066792235419,114.0386880821381,103.76870971970973,106.33085594963089,98.658605170391,115.79270326771602,113.84822127154786,116.72649001292726,107.85065371265864,112.03750373243538,109.07781349089568,102.48229518083745,111.04088179498082,122.16510206740351,105.9725085535547,113.02954206104381,105.85005133261461,105.98091156694171,105.63124510303723,104.922546018706,115.72583469086389,112.36096284770554,108.00387618462743,111.98908539491588,110.25151101108648,101.63696249549885,117.94098065690802,113.94838516071827,108.35706988615183,116.693949429866,116.71392115055005,111.43685431785416,115.13963438368643,108.3799209952373,129.29079342531986,115.14840479905843,106.44834876518789,114.54332666741676,109.20399492922499,100.63220772488812,114.71773699195403,111.16475272473566,99.14249153764048,107.22890179298574,111.59372110202722,101.0320403483924,115.62952162732218,114.00021362677661,98.6386479115398,105.07198743151295,108.97230671843154,103.77657393390182,111.21755360579903,97.90081907699312,109.90094384728106,102.0572285494685,126.20065125734158,101.89187211505981,111.82267574242715,103.3475882176432,114.30272961750063,109.72802290521476,113.05404157469331,105.33566438480135,103.79876818150632,111.65155328283751,107.97362247664802,113.20121050172659,99.92321700358947,110.56153303898748,100.23606373606746,109.57472568259955,102.11211768716412,109.50655999971603,103.33161937297237,106.73513365325142,104.5232776409593,112.61826137855397,107.89257694889115,103.75168061235048,128.41987720812674,114.42195294065634,120.0483234744829,112.94685948891328,124.92274428618896,124.44647032520776,114.50756135361168,119.26582473101061,115.2328681615851,114.00638652446905,115.81003651127679,107.46031487217557,109.58269982416375,124.10600915623687,130.66015511658722,128.61245271935076,118.48233913056177,108.2212296232737,105.8821129747187,110.17362153014214,120.15919961441122,115.73426795469327,
front180 - 4,109.00955981430718,119.50777029628055,125.04199130300759,112.59498393127413,118.06158086162387,121.11131119749486,117.81380855676149,117.06501130191437,119.68027968077986,120.27378752489051,115.96269247930984,115.14887161525708,123.00538601541359,115.83668973592303,116.8990887941235,125.09483939910459,128.2897696617685,127.54310301117579,121.80364768433786,122.00487623337392,121.56890247985143,119.39449554911145,128.14162534177538,126.25337968915089,121.41705174504213,123.51405704502784,123.12307474254776,128.4700045784403,124.39186682528967,128.52114794727174,130.53112716751062,125.30781787975708,124.43897992247139,120.51924962256658,127.58298699898333,121.55387389377215,121.32169573735834,124.28128640003123,126.28836085165413,125.6954446064975,122.25066548930299,110.62776253416715,124.12938408359477,124.72597593274226,123.25595611162267,129.73638484847217,119.85036888319149,117.83811731786177,122.841388766856,121.71525233333749,125.14604860099847,125.0342838022928,126.7637743438898,120.69952550248856,116.74001156414303,127.46746030622904,115.18428118571057,124.92345335572296,128.67127739527976,118.43622622515248,124.1834879558351,125.44269863862782,129.18645351347863,112.79499970795133,125.72721306700333,124.30767525615215,129.9493912407616,128.82389496812087,128.70098610184235,121.21442648490799,111.86907323311034,122.4236893422725,120.23535645119263,125.125184832004,127.17358364176273,119.16764646470303,126.04594438053223,122.87120916719688,123.35238742129481,127.72715302106424,125.76940317215332,127.77888561710276,124.08179938903761,123.54948828151146,121.53675357360856,116.55018040916356,119.85057056249086,117.54358993819237,122.82691704626937,116.01667295036596,127.2281702355836,115.11076278822114,125.7765756564972,124.03988255814077,120.28057367816052,115.60746071509305,124.54217867421406,127.0366570746613,121.544127190528,125.66947156699185,126.00644501556886,123.91682438056374,122.86409344843355,127.55689464644472,122.11421903589554,127.56404105639403,128.81590635642092,123.35893397312113,115.54174922760804,126.49382806106382,120.68689847713995,128.00582581873252,127.90480749950716,112.7799038970689,114.81493163830007,123.27944432600121,105.2028673163647,98.7359021452496,121.66955743543038,127.6937534009215,121.26037623897368,122.66885621967747,122.7589627596625,123.32322351094116,124.05340231479478,118.21054565283775,97.3491215829712,125.24948653816283,127.58939104095435,124.04468552689862,109.47634831804955,127.1428946524356,125.14899278046889,127.33984129182365,121.98611690365661,125.07211600714487,116.08452597500421,125.09151820870655,123.12305948814897,121.83414326111527,123.78919720511857,
front40 - 1,25.59948308882985,35.30798297009864,36.54278517300308,26.703752553856948,33.776451125819726,31.005836884341452,33.09336938467759,32.77866509120822,32.036258479117585,32.18713292223214,35.567781758290785,32.97269757773733,36.30946254051807,35.60190696184894,34.81899521486815,28.90410411677316,33.3132062352071,32.968110897316784,36.242449936972235,35.776849559066186,34.98962315623797,34.93400222483194,35.567840714778725,33.78167603284385,37.988286977091526,34.748511804260346,35.60335755900714,34.15748015021314,35.80302412235577,31.1596326896385,35.14764517765317,32.37377300085839,33.17320918921413,33.17747939282476,36.689525365018035,34.31415430040526,37.81000535969162,34.9444581368906,36.96185391704412,33.781737357312245,35.49486333306971,34.35391852981596,32.23384340457163,33.603213331330764,33.13060864318485,34.27383618949277,37.925850664255776,36.25744888625179,32.70379795859625,32.28315239477131,30.532520048106175,33.31414877387386,34.51299770525094,36.58127587646798,34.32610446845374,38.66141803993767,40.43461227394432,40.59012265219261,38.894777512671595,40.275125037360866,37.30405502981976,40.92356617724289,39.16063007498658,39.96288540688473,37.94237890433027,38.45821828922611,39.694820003111666,38.03575633209616,38.12693859037534,39.64298101501539,40.67086943179192,40.393021822337836,39.074348655818206,37.5645689022424,38.47326300160094,39.52787813908025,40.02218207777567,40.23158979160968,37.28260104883203,38.27080262076344,38.524703537678846,36.05472994339899,40.32960163248605,38.338781976953534,39.282085650085826,39.03575541912595,40.61161688948991,39.62923543315706,39.8622954970015,40.666215383979214,38.03504235133282,40.26673734030753,39.64253263150812,38.96397842981253,37.49768095184626,35.86034891915275,39.23707085094425,39.132649581224115,36.08310223024906,38.60330691827869,37.39858292792748,36.78150250668982,38.333592046102176,38.80668209712816,37.14046282627175,38.31581410031047,37.2433705289214,38.12065483355965,37.31833269737707,38.49913167486043,37.31242869829617,37.878947026113615,37.624555503152294,37.73907522545344,37.41054816081693,37.71591443177335,38.01181489938387,37.52851318224404,36.75370566211566,36.89051249470149,37.37386232869354,39.01557244684693,38.6908249128962,39.149590202397206,37.97734777819223,37.963897133638376,40.14134309768607,39.534523885615975,38.47664799573832,38.15271728399347,39.741756222595406,38.97510984363038,38.27624731575894,39.41606496302415,33.215323546251696,40.52385468479441,38.234230459551455,40.583380534805926,37.345581312476305,37.28778178144692,
front40 - 2,38.21398983260447,37.51089701346717,35.53948767446463,35.419564011968205,43.919829659748274,42.6798137074292,42.568924811031124,40.712497477252946,42.59515048213923,36.44716145702652,41.612408159689146,35.966613807734326,29.566282270715046,36.34860899397821,28.829271874217977,33.594069814174496,35.7755933976547,31.486000050337758,29.297227259664833,28.926711780675898,41.969009364114854,35.23263753911787,27.460109304828343,29.967652594324793,34.526167911710736,31.70950760823109,40.02694557103576,40.35982490481077,32.46257015671538,37.2863155879011,38.0467066357603,39.87173393585364,31.849891632363917,40.995375404135466,39.10885967038507,38.37428600090982,42.11306172588416,37.25571534353848,40.505571642539614,41.69683923805707,42.29284708010625,42.48869508390493,42.96993290805163,43.03600289542298,41.55477957946433,39.63248708031502,42.09963595050254,41.56091485851583,38.69536928564058,40.07872807131789,43.01302968459975,39.79151697266037,35.31096728818865,41.77608601871468,45.18120150131779,36.686016651314645,37.24257121492526,36.77760249385877,41.6496113766255,43.133399791722326,38.56980012895445,43.32294004586078,39.1541810564393,43.19076443756147,40.73057090172197,41.33830758415542,43.00809537825302,41.29640457899096,45.70469227361216,35.8654114202124,40.14228301566496,36.08788559617494,39.56195012009412,41.69973879468345,42.35513047951002,40.38353173764961,41.18415625494694,33.223087773157346,43.247400499960925,36.604972912135715,33.49748973433268,38.86127008688541,38.65053628610238,42.340745332610325,37.824651168394865,42.059624935385266,30.89441195954651,40.530482864135465,38.606700725418804,39.0840962562648,42.78878314726648,37.930965831877984,39.612147128182855,41.13613735385384,42.04222148406623,44.06426581992227,42.759602630897405,41.05629126814715,42.43201742649842,43.270574237411374,41.84683496248937,43.66293374565616,39.53761885456321,46.37504019339791,45.55114833288684,48.10833290883515,26.202893524637833,45.86351428846321,29.93715273657047,30.181367506210734,22.321168693100653,32.90730167640576,26.35464800031909,26.99474428355093,29.751882439209908,26.692720427127984,30.809498885071395,32.57885888091309,34.82220388753097,33.84713779819359,36.45638627419605,32.680184833049026,29.69647183842726,37.20477663038988,35.93423079407599,33.69675403520031,30.76836217775243,37.661893885077966,39.21211902973833,35.059282648067246,31.12696689225525,40.31954424897691,30.440371230142798,40.9304073243919,29.229220379051505,33.761031470547685,38.70319044551039,42.145403250897864,36.70394059897268,34.88939689181879,35.11510812974474,
front40 - 3,19.083138408370417,35.10533643791832,31.46320178135489,25.255477706878864,28.445634308067266,24.691051938329036,22.94314281322673,23.140026172836052,25.77931334844694,27.402652572987883,27.144398344815805,26.604910973347245,24.43618373901822,27.747017393873914,28.944076347591718,28.338357291326957,27.677076971515106,26.61928129630841,24.691094327557135,24.346870764063144,26.351457550618992,24.155500916118704,23.54823495255657,25.160293883435628,24.139685983883847,23.35196850097207,24.2907816614622,26.092733967070057,29.473646654581138,27.545367793125113,28.293325062302987,25.120886373006872,20.732758762756816,22.960063374643486,19.729079389202077,23.835006343898673,21.343354282478664,20.612368874476054,25.876051699475074,23.225635758120987,25.231999369026436,30.53187092041668,26.65795081927525,27.24507464647344,26.70900912236959,29.65811606236853,30.815605321372804,28.433206584964758,29.36830784093268,25.038849251653964,28.401767271914373,33.342507415505985,27.228903899162525,32.7231765844446,25.460017553622585,28.920403305543086,30.094511013156673,26.191783775255686,28.08233104645931,33.703162667531544,29.932654113224324,30.119108426594746,28.430113632487593,29.29497616348777,25.162740359808485,32.32670423800113,32.86451121194245,31.50222566016609,29.681326666244612,27.778294145610673,28.46537539294931,31.798777540838717,31.71873419676513,30.268506479531514,36.235625908867824,37.022817765113786,35.47109063964157,38.71187276261804,25.234898769626334,30.361870679707884,38.20087839929255,29.162483626072255,34.159429173875345,30.948491586672993,31.230207617112278,24.990610204190812,32.904295383836335,28.43979936863087,27.279832169329104,25.373456968879292,26.800117493330767,27.103924018867655,28.96337518134061,28.419412234104684,29.664029344763897,32.327459963632705,33.34458577133634,29.35932174080608,31.24836307101382,27.89741936396622,33.675112575475154,28.252889183253345,25.887443005379204,31.1092761982874,25.318932695592466,38.34010788008593,29.983834184624698,34.573449789625954,27.376902452021998,32.306048264818045,31.062663950550803,30.62803564735549,25.724174584014012,30.42534527461451,32.04019149111013,44.93856662447115,24.802537904234512,27.611341914963422,28.765481150643083,34.266200290603905,31.85731019528402,26.531455145460836,41.96429564668278,26.33253389634181,33.14879821360439,41.41146521046531,27.378039440784683,43.5364494928132,26.793462940995543,33.83636884152869,30.5717638359582,29.126244410539595,30.935115440150625,33.29459279547146,28.961080225456826,35.90570804624272,34.56997525846667,28.586379941233968,40.0618290421079,29.953386186069228,32.885644488485035,
front40 - 4,21.088603847504384,27.714219616793944,27.0761216766224,31.819479195128714,24.82655942970123,32.672679030282566,27.00628727238527,29.185171551096516,28.236461226472432,26.67502472979696,24.12487333523981,22.809336070828383,24.026291244117285,22.9197520195332,29.861563334971418,24.51404036778747,22.591151677943845,26.81497249493311,27.76063121491827,21.014021669359597,30.874773065105533,29.351490230166373,20.883043722053923,29.869300743556142,28.25800032721983,28.493984684672593,26.59162515780502,27.2528834306866,31.811559928433244,33.11414816549568,23.906845090895917,19.35244492650328,33.328212583434066,21.38806671463104,25.75868825919209,25.308731214144647,25.247456494426242,26.66541224711772,27.085490357994527,33.46490834335271,26.079565334776444,25.062817380017734,27.633161530769616,35.91207849638721,24.714492988763364,29.78640867426249,22.77357067372502,36.26460525237554,25.974309041817047,28.674959382173174,31.885829245131454,27.364501451451574,28.655637895259215,28.008988982751756,22.78342417796713,24.492275599252576,32.08524826805683,32.45122226707955,25.829182543812472,27.30230952766022,29.861089006848943,29.743241393605295,20.533061879788466,21.206440544156383,22.753261252786352,23.55455906138964,22.526956691384594,23.466423021486587,24.024472365841877,30.06909267863234,26.205593633840028,27.4742535378698,21.565769597395686,25.245983297345457,25.098109153113377,24.71952439976776,19.77840334663051,22.642986309218994,25.08909593309006,26.182744954482796,19.343387804833135,31.904201318427823,25.89030734264289,24.191704631167,27.57371578611292,24.796285758490413,26.71730991611559,26.832745180081883,24.96741847861309,28.939717009394137,27.542792188887923,27.480878831407246,27.99719116110775,24.697997226271877,23.540819278156025,27.553703949407204,19.220029518351076,22.250723278374448,27.016559055327903,31.27137412039348,23.75750358260305,31.333956823221527,26.360647158587707,34.06587816950119,22.946888280155193,24.41872604915275,27.98675228865525,29.913218285058306,24.114142021154258,24.82335564439202,26.67751889830644,27.740932416940414,31.4199194910668,24.31599508904955,29.551869218305278,29.160435532903623,25.417778466038513,30.057821768793985,26.242313466817507,30.22049964591622,31.532981269078697,34.85973809254955,29.68252107689419,24.61995236915097,31.875860501169957,31.857340379232298,24.66467410937012,30.586912106846544,29.246477353505988,31.96885709914567,27.97971916264329,26.625726356645387,36.47525370884936,31.64670451243627,34.59308530629631,35.472341712912616,27.07313871174364,32.45880767901936,28.93853401474648,32.19866519910141,30.51073394537713,
front60 - 1,49.86134610362403,44.36530045423549,47.382622271298516,45.55345701440767,43.32710264518771,42.779622097467936,41.53226951375507,39.29591868201415,39.867672321112856,40.86027914283867,43.897552528862704,42.44401408179172,42.721706478767175,41.95235678727626,40.10418463823097,44.65487166362061,46.10340476483563,40.31101307278568,39.33353868060213,42.58193061843955,36.2782201140688,39.723360313168136,37.61343993913637,38.03632974261725,37.87383875823912,39.82724695409005,37.98984582457188,39.05557554037625,36.844211433202155,40.70713015448558,37.02075479990818,38.54798661000506,38.154731605228235,36.90890825828618,37.27606264401384,35.32398859246853,35.96101371914694,36.16894196356555,36.048669588480266,36.40146824984909,37.0132825704179,34.046843525146656,35.220360433143036,35.90229218656482,34.98389419021346,33.860215497638606,35.69255581190049,32.794425575531015,35.784633769300655,35.08912532283426,35.96428604327318,33.927998399698616,36.757579729766114,35.408875210489526,35.978321358765314,35.992259813968644,34.56388073191334,36.06536714954409,35.28664886559967,34.537168406126405,36.049211685439865,36.458002952494,35.85877996582541,34.35723294532695,36.76751391526837,36.884740579502804,35.230577403636744,40.46581872641707,35.27612467885134,35.83504526497324,32.33094069110314,34.76297897727184,34.54931416253078,34.008591566264634,35.448637258875515,36.470288535698295,36.30717795638496,33.6507992993291,33.68954907842582,34.65739958236279,33.133867346500864,33.276594301307476,34.29484999456008,35.77101050357895,34.37276573122344,33.99217608746338,35.037275067894335,34.90639784039349,36.79300468140338,34.44570815778088,34.89689275067066,36.08024902850448,36.573802938072724,33.72859985393298,35.42311678237612,33.75441235250118,34.219849937887574,33.52844076046644,34.08797274692872,31.825274041898187,33.589386970575134,33.12988106397517,33.6608486861731,33.69401143144968,32.80252621327555,31.002574264968327,32.258244576154006,32.57322173950104,33.05988620137462,31.601387669671716,31.553873216901813,35.42935217304882,31.82595678528745,30.41816436040203,29.653338777355554,32.65629156913225,29.507247411903396,36.58824089851755,32.79437934909047,33.47947426306139,33.5057739905497,30.981801664721555,34.32948997572521,31.357580845725735,30.15973868353645,33.09439227260485,35.21241337399563,33.79068223339309,32.523434986177485,32.080797770644864,34.8807641194978,
front60 - 2,22.96398013043624,26.775969675446593,22.97630158976902,23.687515515123106,32.36389372833954,30.132445057355962,24.583744301113438,22.612538756600884,32.20557590504336,25.171103123884784,23.193195514655276,24.148934020193867,25.8076365620104,23.401321254042323,25.13753319931206,33.23779030962384,26.238234104431967,32.47182638885434,27.501828079836972,29.209451698823283,26.338927158924964,26.73980424144565,29.504461621927554,29.49305850489327,28.26558729849206,26.347802665027903,24.370046268122955,29.04009355913393,23.587564843176775,29.507440257198798,30.21193137745066,26.312000078603972,25.678353360508318,29.472219969709247,30.152873796574653,30.71882197101688,29.34672916434106,27.303263618501383,22.581296252511606,32.37189222622223,25.742578923400128,25.233256503272706,30.443369759278646,30.04128564942528,31.779658564607516,36.62862809827387,30.474512561682076,32.89984813910863,27.462067041474793,28.131081705235,29.290284166985252,30.0027845556063,34.92511754303778,35.03141312711869,37.07262124181682,28.02103833920268,23.329612623496175,32.99344108294663,26.63560750190839,27.787872287510456,24.71987095315569,31.476763066361524,29.41248967452061,24.211138920648985,28.77108087436079,27.340012161782578,32.56990884513875,38.955539665888196,29.798297939559955,32.42063364510269,26.930821152829054,32.89964866598675,32.62208539857893,34.177235281792484,31.449543300375268,33.103850460539746,28.821430137582354,43.004677168451074,38.92761679676497,38.02157652082471,25.91410542703528,34.91775993560747,34.27629602286923,36.094287141341,32.16900362804908,29.59672377575873,23.28743286897761,25.813142142200935,26.594972763158875,32.71912776474487,31.18817884961905,33.21903823701348,35.291739921825084,30.735171784530056,31.26259477146052,24.6830367071181,28.235375125458543,39.562079462603094,33.380796206755456,28.41049379602154,25.526142407043842,27.530081801286496,24.67293787336458,26.059909803643517,29.592350034756787,31.75054319805634,24.78079974021071,27.970585835746437,24.375026785088984,23.21003622100741,24.85493128603843,25.87030490801534,24.299054601952346,27.67569536431945,31.233942038387614,29.387052117544293,32.80055074632298,32.33457616018627,31.930442572359222,30.852388512883746,26.24895829737202,24.534313358093236,35.23070236994967,29.648898120657854,31.428896666861064,32.01774063244135,28.082451489925422,28.5591811884834,36.00739365180506,26.261036350883007,34.22714314169357,26.206056244651556,30.25789248261441,21.898102723629798,31.210377649833553,27.45037559281903,28.532431275604107,30.445340866047214,24.02965567849873,26.000456471503956,33.63063334973082,
front60 - 3,36.8897539354015,30.50982301514169,28.0699517991465,35.752244992864064,37.89395861209804,28.914954801601855,36.22553529487596,27.97240084761741,29.541678963756638,36.357832030550775,28.82451361504722,37.9914892521036,31.97874139684791,33.372840538841345,31.827059990427053,26.433537988760875,38.600403607641624,35.643961736774976,36.24248541371157,40.27116478156174,38.21210017731198,39.363279932558164,37.84420697876145,39.82492101864467,38.60527818435622,41.71491025118158,39.25978465671724,44.72571241026294,36.534793543268115,33.360532569796185,36.13772594739384,38.319443694334545,38.21736546183237,33.00881556003886,36.99715068052903,35.06677615812628,40.64526312105086,34.61325389492916,39.0356311391885,32.28916899939357,36.078808229743196,37.96914273941892,33.29535653196141,32.58874226457366,45.35620502247252,43.59322188782277,37.125508217015174,36.70497562566295,39.198707644492664,35.2588449030938,34.40622156678466,32.61549132305864,34.24233484229296,37.344258756674826,43.45824708896677,43.425321488865585,42.13987459023132,36.55863774084179,39.53191427743501,35.78931533061217,39.344732096832644,35.20533397018073,24.13217017299957,25.53578654136675,22.61938750504312,28.24044597128817,27.15899420781618,27.568750653170685,22.757873425063934,27.21915998634348,33.43606802285744,39.939041150104124,44.95779534553324,42.91082018324239,44.89646407480191,31.89397205203957,38.48276654896356,28.88530537775074,32.75487780944441,37.540987489753064,38.67790758003505,34.51436700917077,30.397138034834292,31.92592837426034,34.95498893004495,34.02564859959068,44.90330345312206,43.10987454510055,42.85078124709861,33.599738799734794,37.13857967465633,35.615122915880924,33.20332511936532,41.40837166132918,37.9395596012638,41.125825256305575,42.89045763883036,44.47489371674758,48.088935347271196,44.512906988962776,33.65428307290216,41.58622812211053,35.98449299562847,38.3926901060598,42.93211753411033,38.71708726341421,38.118362596537395,37.32979056095343,34.66748002131223,43.03416797770043,35.26546211706957,37.65158191906984,40.437807538176855,38.84257763606234,31.49224925130727,43.29020276879442,38.53387135616442,42.23204986603852,41.616553927526475,38.730082583310484,36.929886723130764,35.00850781582409,34.48477689304544,29.435105919677152,28.393875467473123,33.661207184841416,24.380311194191606,32.87700684309832,34.65173058337401,34.631946356159254,36.882987922936856,33.31871888662018,32.79961125424485,37.148937859774016,43.45699192354208,41.04605954773435,30.28516298134428,41.185366257690724,36.406531258841035,34.22352397926875,32.39397341196698,
front60 - 4,20.02737826182287,17.38169947622995,17.42238525313156,17.411791064703294,33.34309249269548,18.665798142188944,21.993329330726358,18.36198588534788,14.526215174891226,26.780516872907832,20.696941981465404,28.79252969735034,17.324388849932287,21.32285311132311,22.380502446550807,25.04323098954328,19.41281323139394,29.99842855780365,24.855756068827887,26.017054294193176,18.43726576322013,18.869433751503063,19.641093655878883,20.334136772163568,18.937290312673746,16.929794075888033,19.20160306853366,22.26012366408654,17.373433442638717,16.641282060396385,18.394737147105094,18.05138415726599,16.29009731006237,17.79207899633651,17.49138743744115,20.00451912478135,23.76714964704741,17.761666321111836,20.7726008205684,31.218318525039276,37.77589560092395,23.069144344199213,25.898792798758063,26.144645650722975,36.45407955366179,25.128059787953372,33.85888826147689,30.468401213225775,26.486107580850767,27.967034825941514,23.48638298284374,23.487735330559268,28.393826691971878,22.052744694035372,31.738818038936998,24.775974397080844,27.533956826309044,27.871618967718813,21.98306628732994,26.159422427410764,32.534722241693196,30.079900289472242,29.624396768294357,30.488957050024627,26.483376198342718,20.419720907299766,22.42857036809338,23.230769718114214,16.909817991965628,18.449707573764986,24.75807267080157,19.251779232954895,22.283632349265606,18.8268333125263,22.422100532290724,21.23248760604685,23.641841256488785,22.014105607413452,25.516123369557437,18.747107396304365,20.4464743692127,23.99339171320155,24.586999045953057,25.400096465477162,23.188270250577112,23.39996159380391,23.585340307021195,24.132857540533173,29.281330589560937,29.376361695827185,27.14000853846494,23.231826615455052,24.20850626707647,23.976617927675974,29.483795474826767,29.662896890830176,31.521304080888395,33.17003166778223,35.067418928551334,33.51156231695842,28.915275532553228,29.26367029164803,29.295680693771143,34.4372877964197,35.330210358679416,39.062522607011395,36.60876464138969,29.897732069676824,35.76368129465359,36.97482612633512,31.0946706156335,29.202174305317726,25.874793013333605,29.852069894013898,30.32557066851489,28.953836935797362,36.273464465621934,29.6535499178733,32.5278873890966,31.011335875257636,30.0717640916106,41.244110261116504,32.33915927439957,30.193006160115207,33.69124187896416,29.534814143377837,33.06646090197281,28.114744061195008,32.50603908809123,31.853473029813962,40.194911281920206,27.259920602282875,33.33761875577856,29.603252360964465,30.016937617182837,30.11162178730492,29.229368932782737,33.24816600796401,27.702226070542075,34.75536590113205,30.259053539705082,
left180 - 1,175.58624382707907,174.2738827874004,175.11579466138198,178.35650533042877,176.90610095225193,178.19505992321552,177.73740106141665,178.27543943068702,178.522540201523,177.38192894785098,178.09330694634957,178.77818232016804,177.64201743888117,178.65332981763845,177.49937560095952,177.5967649818028,177.79489340554005,176.64228403131187,178.03313587612942,176.87623168367267,177.23333833448896,179.02665672721128,176.6483472581931,176.88854996281626,178.31629997656543,178.87546243188245,177.69261877203914,178.24999487726288,178.20398513659984,179.52432020364586,175.77438375033,178.01441368444105,178.09631184650954,178.15008336193176,177.17700487465044,178.1556371468396,177.47274987674658,178.35345742085184,176.99052193358398,178.01752016784093,178.43434462263673,177.52485151108098,178.14714314210477,177.7133176784702,177.92809560799486,177.28062352613105,178.60609433850686,178.03233156290239,178.80075170540619,177.82465699925638,177.97434730126724,178.16434586652383,178.54454257645133,178.6824578358144,177.82251642499182,177.51954413592253,177.83944092161252,177.99922524821235,177.70875023679244,177.1135851052876,178.77324905012918,178.47399842142912,178.26310089464593,177.32257216380097,177.94599973059192,178.4239521485722,177.1920046994364,178.55100745076675,178.2731859847667,177.6344332288359,178.05339387437942,178.04141614477075,177.79637394113675,177.03463941306137,178.24620264785534,177.22265141446059,176.38735678247053,176.3950995622278,177.30194339514756,175.91323828402244,176.91017518744755,176.82229110222383,177.81527675731775,177.98401443099738,177.18900208628102,178.12695404925782,178.54126911251646,177.93411197553414,177.81878953506904,178.38775412886582,178.27420037357996,178.3545866768669,178.51142398940124,179.1047398454146,177.95368677740007,178.58196327055083,178.56635953687254,178.09845718020108,176.3694995604918,177.96110795669438,177.573857774799,178.58323729006358,178.16133092816057,177.2515340944828,178.48629981893885,177.16794402800062,175.57007700663695,177.01896608042648,176.2217038944692,176.47870275219793,175.9745465051041,177.61997554214747,177.34669247690832,177.71983247945204,176.7324245770996,176.52873208606306,176.5233639540939,179.18929470426843,177.67207135840158,176.92705070540416,177.41315301105473,174.71924533507564,175.4090428916982,176.27573828216532,175.88327869949885,175.34448781590385,175.8307354313475,174.8383678330053,176.444327368325,175.55875043057947,175.94766529159423,174.89974138846674,176.52718237997314,175.0742358661874,174.7555680607341,174.57339598060875,174.7206850636563,174.5204084633312,175.35893639345105,175.05312300056497,
left180 - 2,174.84484655116012,173.0756725446398,177.4646651487239,171.56783585595906,174.67854894067088,172.83020019929168,174.57367476822768,173.4076257522173,176.78038316420609,173.60980531612142,175.09965394631527,175.6578265627403,175.85073044721423,176.0681667066922,178.36420721059486,174.4742407571066,177.00251930266563,174.75159629883893,172.87542460543622,176.508569829551,174.50451521285308,178.17644363394493,172.64946229229415,175.91099173202022,174.31634615900379,177.98669938449126,177.27599147372845,178.4840062521542,175.8168799068266,178.04424816763623,177.37602085088358,177.24860780633804,177.60153839560735,176.4545353868404,174.04135221446236,171.25271195957734,173.70482610043277,177.0136776737862,174.2661301176231,175.4644099819955,175.22169584497033,173.3346237519822,174.82993701497892,176.69816988045025,172.1235993436024,174.87020120279547,173.80141249413768,175.8662049536715,176.71149293056777,176.7673713853349,178.0665987348186,175.09203988034233,174.9014730418913,175.2204143775085,174.13426738525442,174.6233384923966,174.4751520992554,174.24303037871678,173.91039394479674,175.42654160418235,175.6304306191076,174.41510444864187,175.28677898084942,175.12016125610086,172.897979417349,174.2344098233739,173.7796795668123,174.80929032065458,174.99166606856943,175.2726274085857,174.45142662518097,174.06361556955926,176.6381420762625,175.47154621531269,176.90410384945952,177.03102393884956,176.44208856859782,174.23324366369545,175.79079072974375,174.38108685456768,173.82555164522364,173.24031589083927,173.3755184614099,175.99735496313974,176.28968159959535,173.81615396245155,171.8973246941307,174.491055374944,172.99905820613577,174.44766249073092,177.76461926733876,173.59813938857974,174.44916017046248,173.40081547282017,176.09925230850735,175.86722985235326,175.65576729940054,173.90465375553518,176.98523832827823,175.90462303704598,176.4065788842445,175.74574198806303,174.7971915345315,177.81815185940349,176.81499791843592,173.01750867164657,172.95692608813178,176.56088027785648,173.98880015559115,176.80533836386442,176.8754085938197,174.1745946103396,176.04116438358997,175.83594668369852,175.67911194062836,172.39750282660117,173.40994274537553,171.32400333205067,173.76520660445655,175.31803161755377,175.30823794545486,173.9210289980996,175.67447071631716,175.705674830348,175.08875998127849,175.40147677626226,175.50292813893466,173.27597635801578,177.4462846600786,173.53513153111948,176.195119167143,175.48613915676623,176.5963287352632,173.16946687169522,176.5233171267207,174.04650010140884,172.49627751388246,173.91062984045323,171.19376233272303,176.35663168366784,174.68873096455803,
left180 - 3,177.05226624242613,173.6762149353393,176.38333265665707,174.80060961653106,174.12715094171188,175.7094931964144,175.53257368277022,173.88986929778872,175.15070931326983,175.8307749219313,173.05227384183277,176.72438023509142,172.8348749420867,176.79906570975314,174.1316443753154,176.4547592347865,173.83510659308024,177.11666871799815,171.6416019291818,177.69201844663155,174.28546250487665,175.9960609726895,176.01973791757865,175.53830918204736,176.72538433080558,174.83239797243698,176.94094866303388,176.3475335954236,176.02463113484393,175.65684881915593,175.53933508177482,174.07126671899664,176.41001273816224,175.546110172675,176.03831582995335,175.05006283770058,175.2836486370431,176.35349109762575,174.85904028457554,175.55929983121698,176.53112000604702,173.81022742246648,176.55594837730314,176.2050572750506,175.51580727345427,175.49606551780275,174.93409824973438,174.77028108773047,175.28627553352362,175.57538016872826,175.12071366497136,174.19347750809382,176.83567322221342,175.21726108069316,176.17389414806743,172.2380247901985,176.37936258496785,174.44630404057042,175.46475427169543,175.01020306843358,173.96512546655498,174.34838978623637,174.56846316756972,174.9983631544361,174.58225337075112,174.6735823902456,174.57148855378148,175.65459135812563,174.98314834040926,175.04888360491717,175.89881760102412,173.6372934606078,174.76820204176266,174.63013227296787,173.8688208146498,174.51551565518042,174.6628560756451,174.38417244714554,175.18992216810827,175.13859962037392,174.43341945633688,175.88389925078062,177.37591373711751,177.4501796857163,176.60680061543874,175.85377552544028,177.43808885171327,175.83521166596265,176.4271651325888,174.51283431047386,176.89535231055066,177.1368581460859,174.2261033903624,177.27187604337476,176.38669283519934,176.804301096531,175.95775047615447,177.07220066082155,176.058195891323,177.67125883452303,172.13390075385075,177.0905507885196,175.66390424206116,176.31985153125095,177.795325637578,174.9117063156672,177.9202719860769,175.00108828278715,177.7814175972545,176.9975773749352,174.3670280604776,176.17342911850895,173.98206170770348,175.40857211794543,176.49203285963736,176.22226903175843,177.02181157414867,174.54583690312407,176.5880020700876,176.60536509407268,177.28929540978012,175.09665486547343,178.17933438129606,175.72117484713058,178.53360903756837,175.90082546408252,176.2060951022543,176.49509272126932,175.34434826817923,177.09022725771544,178.07448735907835,176.35908850498865,175.31590903479298,177.01438487154977,174.52538253749032,176.82904184664434,174.95525736338303,176.86915065359798,175.4156992597547,176.40406406668248,178.14779372575572,
left180 - 4,170.77932007277062,171.3625812076749,174.6910308210251,173.478986990777,176.71564261093042,175.4202438856378,175.28102343229378,173.50450919261598,175.70157012143025,174.39041116096345,175.2328277058182,174.2325131635436,175.24133769004436,176.22681774644866,174.0786123673825,175.7117370626388,175.39085476203118,176.38736181629162,173.56862724307487,176.35152411164478,174.2501597821978,176.4761526392615,177.3058740484188,175.27898821771322,176.9369534525311,175.3270625436164,172.94829713395353,175.91802613504282,176.24682279724962,176.13206861670648,176.21725602802456,175.1380295548755,176.32606889768076,173.9524316953275,174.99945592050827,174.68337955201156,175.1712839566166,175.37495207060937,174.56741984771676,174.8827700103182,174.53861731941456,175.74669872522517,172.74942339762947,176.13013508835238,174.39636688271344,175.00468319150986,172.9310008975956,167.496356200321,175.29723691672413,172.62976558767335,175.53753549075898,175.41863142692094,176.12401664849068,173.82474926523125,174.58677752116816,171.75591613198344,175.69778277328854,174.4744794479696,176.02181046274194,175.65205912050712,174.77105652921077,175.74116785463386,172.27436318062433,176.0740676022599,175.12802216185898,175.64679171959753,172.95182868998313,173.91496413804845,174.2500782661799,174.45753270601722,175.30009163688206,175.97468253366546,175.94226275773454,173.99492817242765,174.70955499027238,174.07479985644267,173.71340790534603,176.23920269392843,175.96731332009824,174.7154740664605,174.67146974686366,175.94647004691888,176.75599430016854,174.43013286970586,175.27796770055363,173.68857644710044,176.84258907617047,177.36581203076304,174.86192516736278,175.57806224757246,175.32382488490433,173.62871499230556,175.11927056112765,175.04774484918946,174.14615540437322,174.34959748598743,174.06956534786377,170.57320260015237,173.41678524911651,174.284920426119,174.30271229043086,172.7552237681894,173.8866073627821,174.80160480720963,176.15695591119703,174.16771047215653,175.24044053196562,173.7798452100629,176.28097756828285,172.76387070771904,171.92445762964564,174.2234642432203,174.16335534263268,173.9242985836234,174.72371999560298,174.49939522960312,174.3303472100385,173.05172604611317,174.34690560576803,173.65981623466143,173.6192228307568,174.9900854921376,175.85931057653968,173.87366087450653,173.59543664931243,173.45198155823005,173.8156345053475,175.05702908412542,173.83615082355183,174.21513838594385,173.55479754463767,174.11816127273246,172.05568493277622,172.0479030084407,171.9708191361382,172.39323598006652,171.23897620651783,169.85395155584146,172.63248837381354,173.20021558676441,173.25854524435502,
left40 - 1,49.039280409421096,44.83589953104058,52.727191927283876,45.17745379107467,42.775671183388575,44.59602994452528,41.87305023890637,43.0500615025992,43.384098166066856,43.32782500046497,42.6978471891161,42.817898090328114,41.42232408160082,40.49565798764653,38.59573243029327,37.77835894038103,34.11731071997582,37.08561733930036,36.94470934267686,37.38465955354998,37.987256560079125,39.36747526234778,40.9688649161441,39.92298591942502,37.695825958942685,39.56666430081427,35.124780522146956,36.68880060950953,36.28681595226623,39.877000566650366,40.741570447626955,38.27235825791252,40.10584158411376,41.45001670005679,38.51447568902444,41.92048735745061,38.97936871830947,40.40152224992691,38.125706235536,38.29582760338043,42.103985257179694,41.895211942151704,39.00512067844643,40.40027552061045,39.71943159336651,40.04388676321981,41.6361692671086,39.17307042744623,41.013482560567056,39.706192844687855,43.262150164086314,35.00749152540392,41.56554194952992,41.04438745577074,44.85702741979264,41.71589030271227,42.35183577926581,47.88434981418564,43.8213305309944,42.991893664149494,38.89261679717553,39.52370860993876,38.29086844722608,45.62147676959111,43.926349663358614,35.50639041056139,36.85483005347072,34.64861752145511,35.893528557920405,37.51451020455793,37.04852623454156,37.156335310039935,37.312309168209666,37.37552417007563,38.379974230895066,37.91075033732732,39.05172060946686,40.86040643760835,42.95031108607062,40.72596904357888,41.10253681755219,43.19433282989232,43.744095828323864,39.722640415044665,40.891407514547,45.26262188832317,41.7276443564458,43.84660358303399,39.32645996056221,39.22974132579171,41.41446221120648,40.12330582824821,44.82481039697168,42.37037685407498,40.034391994681464,40.274796675570826,38.66844735051108,38.464488202195575,36.18290638504042,34.61714208649815,34.6277563397539,34.63082318747678,36.46541933519825,34.09588560424047,35.31373397938519,31.004955077827727,36.518652901885346,35.19344256685025,35.82069865088253,37.12643952234297,35.383750604773894,41.82056898546023,43.12062171280605,42.37855255648724,40.15079677705628,35.33352145453704,35.32082112772243,33.29710156711671,39.53996466870846,36.45567705069673,33.21210036696036,32.36074363819628,35.97637937967797,33.34593063832446,33.835339376194725,30.52687672722151,35.957812881251066,31.097537768571648,35.18799795868234,30.386525926627048,35.31112242262097,30.397051091524652,29.202339206290766,28.854583920592805,30.85705605691454,29.347176353449456,35.01823529821548,37.45171230749039,32.61263201665996,33.263257186146056,33.02600758269893,
left40 - 2,50.16133158260107,43.32180927207638,37.21303141953587,34.55241106000192,38.74936745039098,36.890134469425995,35.44575654893284,41.16747742625919,39.94724603224549,39.302943440700346,43.65347315878836,37.988457064845775,39.113095073444015,37.45201772195043,35.53069836250767,36.26512712314703,38.86144423789901,35.66927537305403,35.21895318091831,35.40210898293012,33.93171020644825,37.923544599736054,35.12521124856264,34.52458983480139,38.74444661292404,36.638520390663736,35.82454091939839,35.72475477951678,34.37357010503977,37.825632662076536,37.501560281737625,34.727204642588156,35.525344289409404,39.82852652519975,37.0020064331818,38.230459540074534,33.63861408159482,38.25174449810113,38.80677866485779,35.50092510914435,39.87768659692597,37.75870994911417,41.69909782264119,43.44358084515135,37.660824330146795,38.63906973483843,38.514512229051526,40.16194808086741,41.551226823048744,36.08860995852661,37.04286300861647,37.978535673593356,38.60521179538629,37.42254521774957,40.049456242408255,43.43626401928965,40.38241760104073,40.58013225657535,40.84889011428309,36.55101351581154,38.99838307764455,41.690093230298345,37.29580461965866,41.16567960584987,38.72266760334852,38.683960515326355,40.797067134524255,40.089441780944156,37.988619894471384,35.58189694386647,37.594550472883085,40.47305381988748,37.95906120335938,41.394337056594374,37.31734677877285,38.16860696056578,39.084252545872985,40.28438559825796,37.98528576472962,37.72535657010869,38.670669546420605,40.17921965566602,36.0269007141215,40.513278096688275,41.06178103322523,37.102911422178416,38.08623865427508,37.5560808193304,36.247001464942706,37.99949830517184,37.282310343224566,39.22943978420625,36.49528582285919,36.4633635380285,37.5918962405099,41.25534478909875,35.03883994552032,42.209066438444566,38.77430020361187,40.74927741587248,38.897433469405094,40.75485013193641,40.6142546234105,39.87811443501189,38.90553665324298,39.88433945790455,42.019098254388034,40.58057352362479,42.26025221400682,40.27317384013484,42.36183662407116,40.30318097563992,38.96059471175054,41.250941023491016,41.25571786472635,40.93786716760956,39.76091034081124,39.25225716143847,40.36086288574408,39.48329848563284,39.69276951456082,40.55833632546288,41.81624046001643,38.939783308117704,41.3128963813802,38.72325431789037,39.636273504097936,44.256573667818465,42.075633080671686,41.96884023939763,38.59116851388821,34.958442441009346,39.72657734803539,39.480162220439624,40.36655588371833,40.753476745831065,40.60085663811414,38.68699867714066,42.16271155782233,41.62722800566256,41.16230800616001,
left40 - 3,58.63592740384136,46.906369730755586,43.437830485142875,46.025060354409405,44.85108170260933,44.960087893401884,42.778336418438215,43.45526946605512,41.77368102159451,41.497817494076045,42.971028674362586,44.11121588123906,41.69930254239785,43.45131221567365,42.821411024759,41.1245870075062,38.829591511070454,43.67257155135347,42.8634585107745,43.17927474289363,42.29538690638354,41.17140922392841,39.78338754793925,42.65082433759417,39.77218609870924,40.16575821529555,37.605815826698674,37.5160184838741,40.01432696906269,38.03730277258405,36.94983077902062,34.39791966447707,35.61030063482941,36.93281835160585,36.17856706052824,38.76717907538637,36.094966947780165,37.121687837336815,37.072456666975135,38.31673163389858,36.18107794797842,35.31422907737216,39.588610680996865,35.48442324556915,37.95487141505375,35.04225113764254,34.86435580752865,31.981113317368177,31.836471635037615,33.47537253651825,31.74447979613287,33.542620288076115,34.880517480341155,32.26918141858606,32.096343413316845,31.120169840805517,29.589707683674487,31.214180647754215,29.720800879725843,29.6873663923065,30.870027082557467,30.94219377243478,30.598060788370418,30.278663952298107,30.23882138278427,32.13888431998183,31.43007555819525,30.086330506797093,31.371329703711986,30.110851583501237,32.47019169938634,30.749301892843242,30.964137928895415,30.54269277256846,32.70490728041661,32.56782728061705,31.245048604437162,29.95655245166309,33.674729587319106,32.830839444766696,34.49327414927137,33.76778239234079,34.93161852196578,35.524900520259905,33.68101265672345,35.49914704969541,37.13102130369475,34.9485625682007,36.85670050710774,39.39697292045796,32.737972441358856,36.04500980469267,38.91065976923243,37.70368892954962,34.95761252811793,32.6957835690348,32.54667147078726,39.47504958484324,36.971659422173786,39.70012455471058,38.62347639226526,33.105550704116276,39.02681178674734,33.98221630676422,34.54889755802161,34.85476803173222,36.465614548882996,42.04541066549236,33.068897985692004,31.78376055998787,31.559285892729232,34.22658057877266,34.381972325502076,34.541048134031634,31.507627264510976,30.74751340429752,31.47397033200537,30.876408400548385,30.761447134742777,31.82339995569008,30.64772600471913,30.422990473425063,30.98806643706622,29.653752593714277,29.16605762816804,30.444244904593912,31.690333872161858,29.9983729738373,31.08558755756602,31.05825134040435,31.97748618076786,30.814884217203563,30.83342444163225,30.921033086463396,32.74639836913533,32.594070400558955,32.40842259239489,33.14341707930102,
left40 - 4,37.64503573621264,35.77248189302957,38.95020021562102,40.03089944278118,39.06089140141043,40.06673784369179,34.6906215125965,38.69535031069527,36.15708748213459,30.888353629825392,31.684689255492348,36.895926638996166,30.09328998700276,35.45241254642548,37.40555662332139,38.41989624393942,33.183705321508256,40.94663796223007,40.31243234443859,39.56696340378276,33.47540333516114,37.80303901509773,38.256644106930466,38.337304173826496,30.115454367053488,33.65035430809558,31.69973145326321,29.939422298297906,36.43443122874569,37.22639373090844,37.98926581296597,35.41759616739068,32.5595321185311,37.010141938434934,38.20502257601346,32.02828629066674,34.9316974643073,34.39794851307269,34.93501977488937,33.81212446080925,34.615050147606944,33.3101999500315,37.013886553324205,33.39911304089824,36.29184532917611,33.92470586964813,37.689876923282355,32.54050195945377,31.927431748814254,32.35177644959311,33.525478164263184,34.258304435473974,36.02452234378201,32.319830749328204,34.8841997073682,29.1515534225569,34.33429773884827,34.322641441360595,32.92130542029235,36.311127124826825,37.300624661537604,35.03718436597899,30.506814522493688,34.53378450187531,34.74338196882721,34.69020223862599,33.98977470387374,37.65137959522639,34.855730893406204,34.75192216111029,32.925499029282186,33.921518019383235,32.15895993102859,35.60268379393384,37.5235853958411,28.001504579368017,36.423435479961306,34.206603918816995,35.249830734461355,32.297269582948694,35.52250741944265,31.40525773412012,29.69493758565505,32.040205242722884,35.91833758739712,32.04839662328769,37.58141375240757,32.445012261626104,36.92745748124127,34.326651100483886,29.785763103656794,32.62470622360769,34.44435798180562,34.32236156070357,38.805486679397724,33.701540092501034,38.00530424989393,30.863549644513263,37.59595963766724,30.182852728265548,37.152619349212486,33.144574023938866,31.686385983717358,37.47729416166549,31.460415719493778,32.675859808138775,31.339809693730867,37.839422242429684,32.11852843748787,33.645225738056084,29.671060925222108,31.670736377578134,33.047751283454026,34.96454069462753,30.550742829959862,31.60448254895945,34.41697374666563,33.52315689527709,33.2884634828678,31.637045376951132,32.05043942133267,28.575021030585326,33.6125141280498,30.81251346915044,31.64678159553551,31.98964603655444,35.282872669043364,31.843178477487413,34.07045097888055,32.47413714251146,36.08608056810448,30.73968120244377,33.92062666913075,31.185952449937435,39.459635567512784,26.925197614731868,31.7618837320194,30.683345519682973,36.863606742811626,32.9090608899269,36.624523878515305,
left60 - 1,61.80568330587812,61.667586900145906,56.982996043751506,57.464404756493074,58.72462468237543,57.74754391775702,57.855969171550754,61.602818642202216,56.18457875429801,58.66171926165359,59.26952825106084,59.00798409639634,61.446026639816544,57.79026152277027,58.191950046638794,56.18314246740025,59.77425659372307,58.56486905450403,55.94852765261463,56.61765094525546,56.03143804664106,59.86493194559132,58.45596103109037,59.214015645343096,59.45113031389604,59.440529727347005,59.54259915348112,61.50711336958806,59.093245251231885,60.53360119685355,57.36077936958547,61.856789718791816,58.38494308510239,59.312976734757136,55.57537065734684,60.09373337583546,59.04311855509947,59.62601489750757,58.55562355539556,59.736750392531604,58.24096460286337,58.95133921554731,59.03509440560589,59.34669906706673,58.8928658155133,58.46681967330953,58.290851367314225,58.806037143427744,59.71997794049279,55.23899144614333,58.628080354430615,56.72711094923601,56.66641118200695,56.03279386764602,57.929068578389696,56.66772941084259,60.39816603208679,56.18185197727291,57.68744040359414,57.856795190765716,56.44033361233836,57.77924677610546,56.613771041787,57.45579640811071,57.89394056055558,58.07346676551308,56.948802196033085,59.16606085355867,58.7495056534231,59.25111441750837,55.369978761652234,55.51013502314256,56.68904647897122,57.49341477668475,58.062198794093604,56.61013029139588,53.959754210912024,58.11394151974585,55.31705556961633,56.500354139813034,55.776304679138825,58.41830739752036,54.785686099311405,57.007727798440825,56.14228024966435,54.415947580832444,53.42276722368239,56.862181325537605,53.544578450200355,56.008861236915955,57.552607008522216,52.405722354782306,56.951880707562204,56.164779801914555,58.50737721848875,56.25957782606613,58.18831553520336,56.47183195543956,55.84682011409181,55.858356911468825,57.84210291203716,55.415750509203235,55.98666410906734,56.36581683792404,55.12482480769607,57.341242737097346,56.00895065207894,56.95698615659352,55.26698378537667,56.116830550574214,52.68626407175081,56.57988772209335,53.371398436484014,56.32581784071349,54.141280484972896,54.18837017800557,53.08407801242836,52.949097720229425,53.201901368643284,49.08544174779174,49.0516941840479,48.780260977866455,47.75573898537905,47.46693692956669,48.631017665186015,50.75235375608434,49.055676093785955,50.41389588570529,48.32808605652037,48.004342861579055,47.8964581986928,48.00711360603831,47.71694601091904,48.99266309424596,48.50364989380051,47.43576700936776,48.14142176512591,48.01578202104177,48.41427096612571,47.83662782205124,48.95156180081862,
left60 - 2,60.506809973953,55.565236565955495,55.96885664496818,57.92956276782993,58.98329362878443,57.95271773088423,57.954543186241686,58.400009852598906,57.97222789124971,57.208947141082135,55.40909505797579,60.353776944973156,56.75094857085421,54.58395540435248,57.46818474255604,60.60756726716776,57.74716424738432,57.46185316283168,60.55767140273909,56.38311351650686,52.212151059604786,54.65253445480654,58.84071255306992,58.77957811442102,54.233840687055476,56.02388089499662,58.87283888947515,55.688410742982036,56.27373215967627,57.201769454580585,54.0003442396941,57.525355261685085,59.188460528400434,57.84423818403648,56.78652383239718,53.8667365482169,52.675934189811315,59.92931089569456,55.39896628727407,55.474028072291176,55.91138356460534,56.05348186530451,54.5756135733967,56.75010650447477,55.71062455136406,57.53834835119027,56.966780218181235,56.60545347624827,52.63845691765942,55.26940702828953,56.360016570997345,54.97573664341002,55.02504559522984,56.20413935568882,56.0928302544049,54.873208655204294,55.77533001753773,56.995693310603734,57.77312834265288,55.5130989371896,54.2068842945501,55.72163674140094,54.46724202581859,51.41185850648454,54.783666743731175,54.380505059267165,56.83474585441656,53.58113708865103,53.96290912559207,60.229858731582986,56.461763806356075,56.99078714310196,53.88445505173191,55.035196226685414,57.530339326763176,54.947457779407955,53.40180803117561,53.44391414981325,58.0782522356513,54.1128104027812,53.73800058386785,57.405448410070996,55.69340111223491,55.783721967007764,56.69515165113949,55.155730335155404,54.98289848018176,57.64289350865838,54.78831835725164,56.31480812487754,53.828848227728486,56.675427587980565,58.10174687027506,59.44691907511003,54.39846384198051,59.50678815229101,56.61867169641433,57.927434970768545,57.40482175494769,55.13151718835118,51.62885145118062,56.805461316213304,57.486616183826676,55.57643109328081,53.70196842045222,55.95343116911721,55.555578788128464,56.68561998351435,54.569816633892664,53.80026480167454,53.96865649062054,56.65315322067002,54.734395379603235,57.294050515057904,56.46045557840461,59.18408736443696,55.12364229651813,54.776283053820976,54.56801414173589,56.140316176109295,58.402315722658756,57.2640313880391,55.087377873283465,54.31400779608648,53.102893542704635,59.29157618925839,55.54109444995955,51.186111253202775,55.60117102050053,57.58371618319896,56.076379133678614,54.506928482990865,57.15314697780692,54.93162786916127,57.13729329796781,54.53720088904875,52.9045075285306,55.268258262128015,52.630274590632425,55.44016065782784,55.56090584457588,
left60 - 3,56.25043390112412,46.580254963828985,47.41485049236852,49.07445882129257,44.65493694546615,43.89095105475293,44.820001802238316,45.384544326279766,46.95989800629825,45.06046874283713,44.14081085736233,44.71501333910554,45.867664739341514,45.91866014084874,45.725907347457266,48.20949245712804,45.7283256457422,50.318381857885456,48.75669257086217,46.966736047722975,47.78750241853881,50.930819674345244,48.47818599765032,47.62329088855359,49.79151006615245,48.27920707679617,48.06332262977417,48.76011185159701,50.43302949429922,48.01534752645481,48.01239429545394,48.150969085910994,46.181601637388574,47.13777945171955,49.3385955777446,48.53924536012858,47.28427874831318,47.703928075214925,49.375237149888136,47.57415281989101,48.10435817897717,49.85721878926621,47.33493834126797,48.73876663258642,48.998956305042675,46.81375753026466,51.46284770214342,46.78069038796724,49.04189159260874,48.93436405723507,47.56830475927131,49.165567419248184,50.220165656392766,48.227372068978354,47.390816569804095,49.586769578449676,47.91263046105118,48.44012721716077,46.11891549132877,47.80813795764292,48.84782823032572,50.92584742378199,48.37485642472872,48.31247255080313,51.84843265420897,48.30062250240272,49.157654353747624,49.31073885306043,50.742120694700986,52.81052785634213,55.731622500351214,53.5369057270726,56.30907837564952,56.68898112189234,55.612531395414386,57.87306931985212,54.19494709800914,56.528391974922314,54.625160517394505,55.16402440680082,55.94283214977582,55.18189970510031,55.03283432752052,56.62672583342682,57.35559648500648,57.947405220995044,55.05587752635462,56.97899009418554,58.61980892133697,58.43610173402543,59.118481245981556,56.427465738224186,57.02772265459334,55.91419794262183,56.80404762159224,57.735452650803985,54.86327898566528,55.64662854148567,55.445842840320665,55.45416432243734,54.40910560946351,53.819978614571845,53.12736376242051,55.420195531753116,54.59054260206016,56.64602374687692,54.92377109847797,55.866598671577215,54.265726662878805,56.63658110114327,58.67471373885311,57.33046642209976,57.08165617796397,58.816258304488464,57.36091665173954,57.116986301502024,56.833977663963154,57.2094164392038,56.55369419896855,57.996752429742514,56.22166026922752,58.244993515521124,54.30344611342073,55.801237236056735,56.31312557686634,57.67466291333496,58.43856546512562,57.302529219157584,58.21430300145294,55.298140131321055,56.94048681769505,57.94282820595118,57.42166180229226,56.08264711340424,57.78242310794866,55.323966325568435,57.597264937772174,56.20606947345152,57.989041271695655,56.443720789457906,58.524204757129255,
left60 - 4,51.954123068772574,52.91868804620372,50.62644595831881,53.811582095883814,53.56934735711531,53.34604490866518,53.024765327477716,52.14171697403137,47.99585678869713,51.305691459865265,49.335868382725046,51.15023770172205,51.229565305775964,50.84170636281828,51.63869263292589,51.21989154252912,52.06965700427178,51.82977214477257,52.31063948740132,51.532570817472504,51.250149083871705,52.20498765816087,51.029503629643514,53.37637751520243,52.36049300451015,52.666921953048565,53.83325580560963,52.30059891771443,50.868780614713536,52.420739818883064,51.720932843728555,52.23436638960271,53.53059934786549,52.45116573172164,52.30428233307019,53.56073957901646,53.40499250952294,55.979516928840674,51.3029235094986,54.66374433984928,52.77320390826613,52.444154720723795,52.96716807655891,54.50414621341715,54.52969978020281,54.80298698187243,55.282469781363154,53.91965963570119,52.396725936440724,52.01042248386911,54.945289240339356,53.48054019615097,53.94362719374665,52.99073629313055,52.28420719065324,52.12497812954815,53.83853796514386,53.74195368904587,53.250223620662005,54.19890314032111,51.35441638552661,53.73573307598793,54.545355052546334,51.80874745799024,52.09350655847086,54.32872402837374,55.77204845651093,55.08957871479127,55.433486568796596,55.56290727159302,52.160429368427145,53.795696470705856,54.38673051231522,52.48457523317771,53.05497198807857,55.65924183132683,53.43691419359264,54.96122393375788,55.14105744200291,55.090129498640756,54.74249589406528,55.12694112309845,54.12211232480377,52.478057713142434,53.061128532679895,55.85878286358198,53.7603090727663,56.363560758641256,54.825599462967624,53.030612051541894,52.87350163213062,57.43949909245766,54.20351633971345,51.500907951982356,52.962184441168034,55.863367375945415,56.692475411000025,53.35120308528705,53.646235080567216,53.965987883472,52.69030146791854,53.233955888343445,52.87208965784719,54.378307701169916,55.03915173217998,52.26417709356828,54.928476554224076,54.43742978199761,52.56251883986061,52.60672937051758,53.37339730683468,53.462586972720864,55.72875154979999,52.67780202690753,55.34068617671304,54.93514585120214,54.37244648262064,53.85269173029978,57.66818994528972,55.48179202147889,54.096120879707854,53.2249824406922,56.2478566965249,53.525500942240214,53.478525025888885,51.122553869422056,52.199415812455065,55.95756780061478,53.09218828116889,53.55540498701007,53.86353270145627,56.10369303604866,53.82562955042923,52.55441411467562,55.35989855947403,53.08052557143541,52.99201853351167,53.40505128260752,51.0797741903985,54.89541659351036,53.14561893249656,
right180 - 1,164.0338755838466,169.28236620612,174.49170625184357,173.42208058979406,173.07627507884715,175.96874124781718,174.48410346352554,173.92595047244947,173.94956733927756,175.8925932896089,175.9517566725276,176.45711376298235,175.01102238687633,175.1176774527625,176.50838078636534,175.54923536484864,175.19369711895823,176.66082315187356,177.1196540518445,176.24954802794431,176.87464446748544,177.10482385565894,177.84574974071214,176.18906196369184,176.61809560802584,173.66078889486212,177.07965828347923,176.6052233329384,177.2499157584698,175.01285140272503,176.91170735470212,174.4284540428778,173.0149393034041,172.34419840578965,173.50348705094885,173.40021639628867,174.9996821359614,174.7068222209651,173.30199558764528,173.387259632052,175.25623825932806,173.91483569117034,175.56614548662617,174.31084253718538,175.70467243152498,174.2695172655156,173.91207804329483,175.29909181937637,174.85883950287962,176.1261903857836,175.7194132680913,175.48561361639935,175.73255414993412,174.23212656873088,175.93804363577053,174.79083958412002,176.87282030539282,175.87275356416413,175.72657624483264,175.5785016924362,175.00411526258281,175.57023541188002,175.78534017146012,175.23385439932483,175.9527216905664,175.6361161255855,174.85101097079126,175.0626807520504,175.36673508990984,173.9273525356587,176.5099645456621,174.2141543866411,177.16704656370155,174.009609023036,176.66187995592273,173.52012724499477,176.73976239418656,173.12579324363074,176.0513480772655,174.92127749068425,176.68960021080736,174.823855355098,174.2557444290214,176.0771527295182,175.43495461902455,176.05772023927125,175.36741591511094,175.18222444769833,175.20642734664742,174.51217662567834,175.0211284035244,173.39333439588646,175.57213413052014,174.56904529042305,174.11049506226095,173.6438300882459,176.39834392583765,174.69395669443696,176.8354541120452,173.6695051344099,173.98209205501738,175.17042701556073,174.74762875956262,174.91925143677557,175.13446366893726,173.93254211104102,175.2490125712006,175.5089399387529,175.83159120009125,176.15476601937615,176.39989280332176,175.19556946837747,176.34068275920535,175.73292019077576,174.8883325184752,175.65684734355654,174.4948978036662,176.54919877462643,175.73185978713826,175.85138094746765,174.78764431943725,175.9528819451617,176.52640935205008,174.71232052533776,174.54042988364188,174.1444400452647,176.16847014373639,176.56130207374198,175.658652821861,175.0101708362313,176.64603807837872,175.55056720628934,175.11781675479233,176.09339775826754,175.44343548315237,174.71175112639264,176.6542616838123,176.54159233087276,176.25768351389613,175.13978690573256,175.81603049617868,
right180 - 2,177.38436546502476,177.7417797446578,178.58311659030352,178.0597027827603,179.770120315992,179.68934124608694,179.0928267610801,178.2068642061844,179.3888645880336,178.76804315658072,178.51126543637537,177.39586979354806,177.302613231046,177.1312581535319,178.30616405264837,177.73131686555712,178.27105860278147,178.89667530883506,177.02936125783395,176.8283959738696,177.11212017048334,177.57056512897972,177.7567350081983,178.1773427597404,178.33310029114767,176.55491901421803,178.37074474036862,178.62734713199046,178.87789866224273,178.57326905147656,179.15558070010607,178.16993020753856,177.77651457845298,177.58077020545616,178.47270570539456,177.9845543647321,179.78150499735563,177.7272400516701,179.09467724032552,179.93723116078277,178.16832408744148,178.91314920386367,179.11711523863707,178.66150731121732,178.2059706836283,178.33650426380916,178.70427932228918,178.57798354609002,179.57072911596993,178.12236190131756,178.35413281248017,178.5767566268052,178.27210215537528,178.6635907679099,178.13330616954332,179.08400257088545,177.88018784785191,178.07300758643495,178.12174510411484,179.13798444511525,178.0610919118835,178.88913522982622,178.02705997499282,178.17782153315548,178.4499624078684,178.91194997670843,178.57515463494622,178.51933478759324,177.4599682958855,177.56427856891662,177.66281033069606,177.47013558715867,177.09210673528185,178.26802790816984,177.82261819944802,178.1328017805386,176.9693902499703,178.01056448553422,178.68022309482686,177.2045741331767,178.36835719435658,177.42203843206607,177.8067138948224,177.91608507979024,177.90093846831093,178.13523860948996,178.47062049399645,178.24399884086785,177.16676168383168,177.7209636454526,177.65615771663306,177.00501616549,177.84447934778686,177.12761386123717,176.90486248716098,177.8453344899049,177.1087484486914,177.4614893198978,176.9179722801728,176.04408590804158,176.75245473688577,177.0050917723307,177.88815419818863,178.25729427010177,178.19341210999755,178.49824049365742,177.20434005069984,178.05367604970255,178.97831182938745,179.38855014095074,178.1610466225109,177.43822073437394,178.43108367362385,177.48033879033764,177.18341661716212,177.47888584879527,176.85788988548444,176.25361034439737,176.27299655017615,176.60766710836825,174.94902182162244,176.51253782321706,175.8498993251333,177.75634386120095,177.12211189255774,176.72804950033284,176.57742315443977,177.01940482041306,178.03842354849596,175.85047509109543,175.51873150210457,177.67773071967426,176.60255946275228,176.9504386904829,175.59437279908855,176.5257323010335,176.5174904611802,177.9523405655133,177.04460400454678,176.7259838163283,175.89934155814433,
right180 - 3,171.61879856857712,174.33691368975474,175.2248913928907,175.77198225976034,177.14350712970733,175.52870964185155,175.9575967797862,176.3561407907301,176.57980743301636,175.73744727231383,175.9804484689585,175.8427996485989,176.0589415963897,175.32526302232287,176.59773209885947,175.8741955948923,174.78620081038835,176.0418930744632,176.35151955273727,174.64830855016277,176.8281111058734,176.02853307852558,177.73845421365888,176.24065025113742,177.75522337095555,177.38540782397303,176.47413459572704,176.28064771786333,176.02184292412383,177.64975818611322,175.30420056395744,177.11936810576103,175.0135834161988,175.61956017018136,175.3010232884041,177.64362404062135,176.46720813007838,175.88659231701146,174.74851237351658,176.4668595302942,175.35850597295897,175.9107493136971,175.4577265316861,176.34514338897506,175.99813645223804,176.16910506192903,176.8440177052981,175.69643796251407,175.56726450496893,176.8658620827968,176.564764288827,175.19282240563913,174.117235466087,175.18011205435394,174.25807500438458,174.4950916448997,175.80610348754638,175.14152883185696,176.26150756757178,176.49634761287678,175.84390512889803,176.43543274910456,174.7956665166823,175.30865208723856,173.54690306316937,175.98632824440887,174.23625882414902,174.8507907142844,175.58294598668652,175.33035990897926,174.13635654538677,174.1127993639152,175.819407781103,174.84716954519564,175.95297345558365,173.4363192336204,176.00030926665198,174.91178144982322,175.7338060773242,176.23366203059922,175.12865424979373,174.33178119848904,174.8096682136517,173.89901483102668,175.04307336492258,175.47052218497598,176.14872380300898,174.8930754909936,175.01980840218164,174.18208642172203,171.45126217042997,169.71245641955093,171.09857795573302,168.99836850328984,170.20318637371133,173.5843728468807,172.28521635410084,171.74126009246692,172.4614364527803,172.43754664013713,172.51840308098193,171.8961852929944,172.49755879491963,172.80742241350006,172.49580490536908,172.9499327191682,174.38639123088396,173.8796349319053,174.5719326026149,174.0509575161228,174.35751389712425,174.40764755546718,
right180 - 4,172.39473612406596,177.65732772840568,177.94166916754727,176.82233661255816,179.07794033885074,176.71364147189772,177.50192285666105,175.81196012790377,177.6973658679581,177.24918902962037,177.89150609846752,176.91279992850937,176.89376689934332,177.34324945211998,177.99058695727913,177.82216105661615,176.91130110642868,176.09715651778168,179.16539401194075,177.42550164412677,174.53127412856412,178.6975343955764,175.65149903491888,175.91949894303437,176.4994140904978,176.50484319182547,177.34287207006804,175.74307853710422,175.7528361239235,175.95062872608557,175.75981507916342,174.45004292542387,172.39509550333963,174.04899912455213,173.18093145452008,174.22194857103244,172.84095257462607,174.6440497468705,173.3760878555397,173.72216050991437,173.0226441985897,172.87751825465773,173.97403841831817,173.21231661638592,172.55401239439504,172.99272631987557,168.02935625293335,168.87456286254334,169.1981220028187,173.33001992777383,170.57854161187376,171.06080535036523,174.5092914814964,173.28019275732265,170.81113544968545,168.49082062055243,173.1918149561452,173.17548540227102,172.80073065920342,170.512638170646,172.04580273701055,172.98666180553832,173.55843954292678,171.4696807162891,176.8541999596883,171.90976266390413,173.44280759829698,173.87613115066952,173.4665873134253,172.23821766921208,172.14510927177474,172.7533580532601,173.16750441664968,171.60558961197736,173.16990868537633,171.51415924994666,171.27911483162654,171.74651081544081,173.36138459113585,170.27991064513122,171.0075987867555,172.21157921980364,173.05233370811646,169.0365811211478,171.4768887804811,172.08679635530547,172.59028096126136,172.57472327264702,172.34000942816698,169.90118000742652,173.70713284125213,171.86476469669208,170.17587168780898,173.73931020408912,171.21717868820716,172.3886674567329,171.81222889938908,170.16775080217585,169.9025403967866,170.2723162087565,172.96856661099832,171.1895346155318,171.96378934420667,172.6314817431614,171.30160498014143,170.34038721579387,171.96163019388072,171.92485836137095,170.42627706713364,171.83314097231178,170.08064175319953,171.71191394314187,173.59407147425938,172.97339421492865,173.55072456907163,175.75409497723757,172.86085164653826,175.02333538992733,172.12528224265625,173.61275437513638,171.7131348612249,173.39647922111294,172.8533124659596,175.17999250209104,172.3267984381253,172.39157427098831,169.95647357097522,171.24816255297813,171.14809142643014,172.07805389629095,174.19278099225667,172.17017024732726,172.77641559181325,171.12201349176107,174.62900485973404,174.15368694573783,174.73959057041034,171.8638479880839,173.9571826438239,170.33086447158234,172.55332821641667,
right40 - 1,96.76245154814367,102.32772508320711,102.31411292453824,100.56071744037243,98.51643348633516,97.94765041086953,97.70946797584966,95.44962016766524,95.12640085787031,93.51346752803074,91.24543446832749,92.52914342195868,91.91383613987529,91.98231772583385,89.15388808494666,90.20192570943085,89.68630259179707,92.25357067760108,94.38871340855206,91.16486559610269,92.92341606332549,93.20482039033492,87.2782517577159,93.37366817427514,86.63004186857665,86.55033707511335,89.62296662838331,86.64100219223496,88.14575502193561,87.48805878825718,91.23549683058951,90.05863218295585,88.7248376393856,91.02484817142333,92.84693940102626,90.0682701897909,89.88909445151042,94.61559844632426,85.54466839175012,93.56818069512909,90.92371628026156,92.28445390551828,93.29787742175371,90.80424731589034,90.14563329463218,93.53254060731915,90.37653855080939,88.83074491220732,90.38490485942863,91.90923147459789,89.88458006480555,89.72244448539927,91.02518981299089,93.89783062591962,90.82906952320388,92.29042254231925,92.56823449563237,90.84278346082694,89.69684887916134,90.10971209592225,89.77706953553884,88.79580659327114,92.20089050518999,92.99397189979935,92.62686371807165,95.06560493338417,93.85278515642946,90.05066373343608,94.70278189203896,92.0744178408207,91.8946820454273,90.14897134674969,90.24703973680434,98.21308332493982,94.08300263001674,90.90614672757684,90.65349968568653,94.98211370947975,94.4776843637336,91.80663620105761,96.6959978286867,87.27397270289444,94.86308252977818,93.49565250481416,92.4346616485068,96.1307970431914,93.81764210223027,86.78628090627743,92.35565794521551,94.61715280183773,93.07596500016703,96.51514921515154,91.39706209555787,94.8409933956109,85.94223725911509,90.8247485490455,93.9573489247812,85.41943769341736,89.7280880607107,91.36256215708123,94.04698409487871,91.05762554323654,93.58065299789081,91.23457062339656,97.67741473267354,94.56303666419971,92.60553486890511,92.16936730060594,98.03684804693243,91.82615526127289,92.4320101315691,95.35986587677421,93.74046646027229,92.21502567918323,92.06686492141685,94.13370739234607,90.37776359282176,92.27489123250155,90.07183567610177,88.96778210063566,91.17227840077169,88.4604706318209,90.64012305108102,91.1701061194416,91.65327470763272,93.36554260711044,88.27595334916393,90.95431760013813,95.77287802514496,92.20261368903603,91.63756589478967,
right40 - 2,78.88722702508689,90.28078311433376,86.41390088133157,93.29635882267489,94.306086113823,85.88568456388415,87.87867240430678,91.1389270480544,92.71966897172895,87.95025835037636,90.30316127230563,87.98617783353292,82.96480541099558,86.78841318195019,87.68921965731457,91.18748457641364,89.65093153315014,90.31690790386159,94.61832600663753,99.68952459754705,98.04787148248266,97.06332713232432,100.49184500580114,98.72539238352829,97.52649301798184,97.82533664761985,97.80836615292918,97.07115461813802,98.63618477457902,99.46629275436744,94.09994569853698,94.09989769406796,94.49683815478012,95.69857581897456,101.42485840512617,96.44330031645625,110.94732426861586,94.20801250216209,91.79426151131973,91.12362981851125,91.09182541872755,92.32536242724342,89.79062352428772,93.1209138332095,93.80413846561582,96.88206206776358,93.57131410215352,93.98991807934733,90.20219594284687,93.26828866396458,88.2450819991159,88.92143533634207,86.13958650667585,87.75448544439692,85.44388702481513,90.64884050656318,82.31348076425765,87.27835756882095,86.18171084295265,93.07480273108389,85.29283516783354,88.01686006111362,89.36887722817478,84.78804876956349,90.3970275251577,89.3059625582081,92.15009099358731,89.69782783344283,86.86799756302999,91.52992225734772,86.44381452566233,88.78102880653273,88.62582571753588,85.4595550589631,87.16528557330666,88.05606745624009,86.91855198699949,87.46717298766559,92.46555168071146,88.20617021930862,86.73157536681673,86.42346613749616,87.94820441650369,86.49218697942165,87.5178038743671,88.45419895847289,87.74757541821386,84.18090310837421,88.93328711004035,81.23210782477683,89.15884435323942,92.94624581622472,89.80231250639929,89.49192474878423,90.6863812649711,92.46371460132687,90.52075955756172,91.65120159982075,90.20616318254012,87.47696587146731,89.55001007693247,88.25565769706117,90.22686573185797,88.87774567529358,84.47917880382151,87.30052797033709,90.28106635511138,87.76706280374447,90.69965217447697,87.96811882811853,91.65598391417826,91.54865442542334,88.35982031122246,88.79869922462827,92.39418196654393,90.9901154135378,92.57914874193463,88.91333200801118,88.23151196204189,88.97460461097168,85.74585776394574,89.07798217463346,91.41416405774953,89.04043389889746,89.51709645397757,88.61948578900518,93.30288618000297,93.64856575128151,95.03895661398322,90.8024304883598,93.10727035233822,91.18839139086461,94.11819033640322,90.63556933447768,92.03334041037368,94.28068935279575,88.0805338826327,92.59357704002554,89.51586393711173,87.38554713794768,95.34745342376925,
right40 - 3,89.96985114763643,93.31434030908392,93.26327231928157,89.69015863493196,90.61688051918074,91.85924582528588,90.99961136423742,86.76764310676253,89.59722215753165,91.13221925789385,87.94802484793897,89.43485705987514,90.64920979499603,87.79724786074416,87.24174212238886,88.99995397180288,90.51747588327595,88.23960840904208,89.54714798027793,88.62475769863758,89.10669169640238,88.76351102489645,90.01098009395471,88.38686308141624,87.80545967378126,86.54894873313995,89.41078684964603,88.03883553980849,89.2175649005415,87.71760388173647,90.91064587115117,90.5786197253762,89.13909803148033,89.15574575494301,89.15522492122312,90.8535340852794,92.53803680507544,89.6050073636922,86.75596105745731,88.27773104978827,89.59336514014288,87.33620796203743,86.88255452664657,87.89299005881776,84.30012124049165,89.93092299099398,88.3339680300505,90.53159580175497,88.32865711645044,89.63945625376404,91.11244604797014,89.16019898194874,88.9303185540111,88.05885144418559,86.3334262590265,86.0377624706441,88.46595020137691,87.9605673109525,90.68477412294581,89.49110482024508,91.58898395097857,90.06507765383346,92.14541301902554,91.62171333848272,89.9772706888204,88.34151411542456,89.41058760679742,90.0743246631575,91.0988478431791,92.94281582735479,92.9459334085057,88.90922960721383,92.27364890609387,92.04712316675099,91.26557635709133,88.86463546759772,90.22345380272661,91.5054927855479,85.9209002458267,86.17113353680918,86.75258156065085,89.67753237464586,87.41793778925101,86.97945786118487,82.8169942485252,87.45088396754392,84.28770053705045,89.56431906895841,87.98909450575788,84.70351924072651,84.08567101486949,86.90637407190484,87.45001537919904,88.98545019820847,87.74458280151194,89.87416532814582,90.24257164699156,87.74111636324277,89.50731670996932,88.94620822175392,87.65730661212588,90.16935669912787,83.965584255057,90.66658111090865,88.7641912090891,87.38321432639466,90.90233859200272,87.21568359096617,90.24003397504822,91.71177281417197,89.18304867052707,88.59408070914205,87.01729683026161,85.31558669870675,87.41545850373758,86.80483260999458,87.83989861047108,84.75283565094158,85.44684731281863,82.04161942292824,81.46498017737858,81.8818894741605,82.60338714820034,84.51706946506116,81.66061917278228,80.53193696451928,84.41025974135745,79.44242381767705,75.83030301815536,76.37838808903324,74.78947804582255,81.07895614741516,78.77918062899789,84.87838704166153,79.82982404726485,76.19801146674371,75.52129142686732,80.46565803885835,82.90829647540394,80.37396916801285,82.41960391341004,
right40 - 4,93.94951558215732,102.78759909792673,103.61283125447879,105.05031595995554,104.62050785307555,105.0445359656626,101.14146290514009,97.82994658984326,96.83781226906615,101.23722741196703,98.4367299855428,99.31448938405572,100.72779834531529,100.41911850885568,99.30873920386868,100.90111349026526,95.02057541865598,98.3564608650445,96.85673433255334,96.86446191521613,106.53888479226563,94.83747392107877,97.35295610454821,99.68690887273956,93.31759477431504,92.39881739438465,97.6378662616538,90.68104958567731,97.06264514146476,100.99528241797537,96.725737458388,94.17661347208846,86.9933033166364,84.25235791044304,84.456173723399,91.06104090732033,94.97107516287448,91.19799433438799,97.53815409402164,95.64721614015595,93.28908153104767,89.41484647516039,97.6675098267493,92.9760904450933,92.2658453134406,96.9761727844468,97.8313616528941,100.54695977244823,98.31156134785716,99.06479231287638,99.58924709284626,101.74994771949945,97.73032725060075,98.6115145099063,103.55568109444857,89.73357251066732,97.48101536476473,102.97301499608571,99.14490262205588,97.76520173066676,97.66516395206698,101.59684170471216,97.25132502635637,108.91518855949307,105.90887080419611,105.65647358117118,103.93604361763113,102.32481425720597,105.70082080263494,101.51319156254354,101.01473368947981,98.67567034708958,102.57254196423027,99.84041707184285,95.79606731316241,99.42877923849807,95.89379608374016,95.79403606831514,101.34471407533982,95.75833868330646,95.55273445828756,98.04658320981856,98.40447193735935,97.03968068356737,95.6986539017583,89.34287183009269,88.19220215940975,96.99986159031486,86.37521028972367,87.71136760138334,77.97936674041684,93.84499466179263,87.30461816839674,79.53619240212694,78.07517825235635,81.67920788451313,77.67536673876369,80.01233949606105,75.47847056208485,66.88349296942381,67.64646007064943,72.25882426994302,71.81399443286088,67.84725854911703,71.53552280997941,72.0030273926341,69.34264855363354,70.55003821896436,71.12930719989384,70.22560536380139,68.37668386013092,68.362328078622,66.11360767085037,69.97539185504051,73.52092454817516,71.02934267681233,63.23844146601162,63.69594039472796,70.73476339961817,68.17497922778352,70.00880001846252,73.44234974370711,71.0410467562153,70.20507113953529,72.08313790989551,70.52163976126161,70.75964897450439,69.09253087005104,76.03848378202036,74.02665668145161,74.27836435643715,73.90312056501273,72.81514572833456,77.57309231634888,74.73654528216005,78.09539733773896,75.48126935692245,78.38061919612107,82.87471021550166,81.64617305780001,80.16849527878315,
right60 - 1,97.39402660113517,120.19273362582176,110.35680327335115,100.57532738747173,102.79056973696885,102.65614008778385,105.70557054486937,111.13524677847573,112.6897025121973,106.67414918223227,105.20334102655097,102.20508051088109,95.95369335339892,92.41747915711036,92.55154979100772,89.85187252547234,101.01934585517994,95.27079574788185,100.45629071696725,93.43754155288997,87.76343087829518,84.29358559969232,83.69462731711019,84.63858938669813,91.7965600483868,91.81617446564822,95.80445144560737,103.10478258969205,96.53607194997872,92.26821694743906,87.81410801920565,95.77813566728894,96.33744123732791,
right60 - 2,91.18404789194358,93.15293451907093,96.3466753025591,82.67035535680945,96.72580628812283,88.18796522256709,94.0421416375778,99.37253128441002,94.5035600388406,93.39374972066553,94.47605352985994,88.81482456209844,93.04496391758958,94.49094852766663,82.33258081751529,94.31635068166258,88.15576819146112,94.36927823062008,92.16230552539199,96.25674588390736,89.5816128075867,91.12034807393157,90.35612461440732,88.11018409581234,78.65646278647432,101.0709951503977,90.86569780336417,89.33656768544841,88.91127410272102,85.49736579361281,90.23405542359953,92.74372706469902,91.40608347831856,92.715518713156,86.58098245858832,86.84197552572267,92.04173763600842,86.28099104857262,89.89958309430418,91.77895421045808,97.24411303687818,96.60578664836643,92.44851422221875,87.42446248092187,87.09123024491278,96.02805393065132,84.83367937373363,88.40548627326308,86.31580329518654,80.10539875604329,82.65107299934427,95.29833969690867,98.98342260030753,94.38125429738787,96.49214521406988,98.70170244378609,91.38060973315478,99.0632767773366,84.4765933164378,92.09918165559421,91.91199456999652,95.37939372176997,95.36687156716613,100.0916914172382,96.08613796629925,96.3257337716636,95.77535160366413,99.87801114914873,98.91597616448361,96.87864277932388,96.68054124393899,87.97132439153943,89.29159975529537,92.43354330221426,90.7595933086386,95.92328243212505,98.47826159071418,97.98267077877732,93.50879209773431,94.97517810953981,95.85094760527497,95.39804180420805,90.8817998532831,93.6775597183113,91.980353591653,97.65682430783606,95.95211897891171,93.67147239366913,94.47035228270796,91.5615833671548,86.0192521923166,95.68729629085463,89.59190447466487,90.63426824906936,91.47579375164774,95.32277264889412,96.75071226842206,97.1342728146353,91.59501387172352,99.70291723592437,98.58260888956823,99.4499261537128,101.11686706331683,100.5682186499499,96.33926575419083,95.76068761025549,99.10158005193898,94.27857583040047,95.85906434421985,97.19592698673567,94.89943091927339,91.1521069325188,88.65186362914778,90.11788811429335,89.5427338321221,86.40120519027602,94.72796321645596,89.76577520725279,95.48673569566584,98.11186422821461,89.6315623738041,92.70253032170073,96.14231961316428,92.43920013476534,95.95315421087723,90.80520498215493,93.92408969983987,91.83533696053499,101.79851085128094,94.52127938058305,98.17618913312826,95.85030157926272,96.94562888490134,96.05260517858171,102.30922967030365,100.18390158145517,103.22269175526196,95.26167000258393,99.42883242656829,102.7507052764871,
right60 - 3,93.71307359518029,81.7736070717645,87.4928738736495,81.89470739561663,87.24394688553122,85.12856651600256,88.99942254531814,85.56445275863219,85.99550305149546,86.87625334879763,91.87574208398641,89.68862485891515,89.14280946583472,89.09647924477515,85.96295403839869,86.58198518267895,82.19344990171159,84.58829724382875,83.62268067806478,85.89765203110765,84.2326402767431,83.32559816981777,88.49409969428898,88.70217388825675,89.10858665830808,88.09876403941412,79.8834851691008,85.98844340608623,88.65783519734599,82.83653439055361,80.5621554052911,83.67710449872354,85.8881991805477,84.25184225540096,89.14468660491892,85.72370751861472,90.83594113320243,90.77566170401823,92.28336921054577,87.81224918301328,86.04246310116349,80.1325815126167,85.81030202089515,88.34659764674383,92.06454744553217,91.17668170012361,86.39072568413755,88.46599765789541,90.19716435319835,90.92807991995336,85.12729202897187,81.86423103357073,87.71713609090891,87.50985975626058,82.08334746581525,79.86452629532488,85.34903897594891,84.0225343664758,84.84214664653415,82.16631454311482,83.13996033239769,85.12739607996383,80.43247696329753,83.59898728256202,81.6370435282559,80.93551827078443,89.8270629637231,85.75166420890379,83.97990711233186,87.28451853378199,83.01658428215936,81.45454103794916,82.96199008800663,90.09286555098065,88.51748534863985,85.2960462024035,82.6223045608889,82.62352774155353,78.2906858042869,84.83478715903723,81.48884479521371,86.78536388801747,80.90775408011795,83.8174263264357,80.64740254036194,87.08141342157954,87.70005418567371,83.90659164611972,82.90979238711238,82.92333219042743,87.52550040833515,89.49881909593853,86.14912102693097,88.22287330720708,89.25028175915865,83.6236056207735,88.29383997722942,86.91329070239827,85.58457120568958,81.95155659020567,86.52774247817227,84.03734484932889,83.72605760947663,90.0311463844261,88.5015859349257,88.27164221329562,87.3961978716357,85.92564627472358,88.65067359802227,79.84312490087261,86.35183186510768,81.91173733170343,86.56238103421302,84.62280414573671,82.18795129346236,92.43423978529084,87.92734890008752,86.87067016895567,88.72908200759488,90.2348157725811,88.16010278639581,89.71073482320213,85.780676084967,88.64601851640583,83.29331424512472,86.36439665250778,81.70138941708758,85.37457942543611,78.88802679984109,87.66753913487396,84.73147155697362,85.97444861056346,88.96298402007322,88.70972770661646,81.88959172619343,86.93134256879911,89.11066161779111,
right60 - 4,104.79926042771359,94.11207179322582,95.35481526737343,96.76106946840983,90.32765323053864,91.89167262073346,88.0509296237803,91.62825324496445,106.7010435010473,93.70911835502447,95.00426567795431,86.82794940794565,88.32280415094841,89.67327821287137,88.83708339362856,89.36842119380309,87.78830047389579,90.46391151354398,83.94175526964615,85.13651635882444,86.76426604656109,90.29367494311045,84.5589791638338,88.21447353094133,84.38476022790037,87.61177488404351,81.58524419695108,87.4616047246649,84.88328191916828,87.89480063772372,85.82364383952259,90.75854271150936,83.53068829001535,84.94809831206717,82.54607380573987,92.25261428062116,83.42851855045807,87.7979535578682,88.94026230259392,87.5865099613931,88.6684631269504,88.45829079703931,91.1903549215189,90.24881662739777,87.68565419955364,85.43103532725186,86.13399017303679,89.49605271581854,87.1495858699063,87.719203487684,85.59680758195026,84.0429107760207,83.90064108088747,88.10286533447398,89.04711333772383,86.30165716405304,80.72158016659847,84.86825102279101,85.62564041854777,84.4553930232528,84.64615179802836,93.1064211957166,89.10070099906653,84.5410007506564,85.47408155667637,89.25444048095875,86.24432162422723,83.19690086223139,87.04815560106564,86.58264199520713,83.96260979060169,85.64250837928076,89.23577376070344,81.90052263718727,88.50874432589636,89.0020142242133,80.12635746895592,90.93201795973305,85.46045770159337,84.15231147798877,85.89492869854786,81.27120068096548,80.06084320307555,92.9038267960318,86.57052417839144,87.43980628073756,81.73727812348648,87.1941179731892,91.43865422860313,87.64028386331867,91.63781438233627,84.65821637708407,87.67284329874141,90.41473376623951,94.0566171910777,90.89307267647145,94.85877914355851,97.86836806490207,94.26084632385113,93.60561437650995,86.50865255788847,93.3009072675247,94.26618622797967,96.29135546272569,95.83122190942211,96.60397690021176,88.39236676117183,94.00659274512859,93.40172515206469,99.20197469173971,93.59759539381565,94.23785566255856,89.86184694207262,93.56280117004154,92.66788515644818,94.719190972642,91.17836578003886,89.21741694887581,90.63403737694944,92.38659716118579,96.15724841098279,89.64017562522541,94.33339385934502,92.72995693919157,87.44472200450514,86.00615713575577,80.98004216099038,84.81638007244528,83.8796448370232,89.47883976683342,83.3150565868828,84.24357172980717,83.92270253844818,85.75152262797435,84.05514998971591,84.16371969207465,81.7622857274542,83.49031489278318,83.45622812439666,86.57192051729848,85.94584317728695,
